OTU_Id,AA1,AA2,AA3,AA4,AA5,AA6,AA7,AA8,AA9,AA10,BB1,BB2,BB3,BB4,BB5,BB6,BB7,BB8,BB9,BB10,CC1,CC2,CC3,CC4,CC5,CC6,CC7,CC8,CC9,CC10,DD1,DD2,DD3,DD4,DD5,DD6,DD7,DD8,DD9,DD10,Kingdom,Phylum,Class,Order,Family,Genus,Species
otu100985,30,107,138,121,264,139,88,166,130,193,488,619,666,381,306,224,479,386,450,699,308,256,248,203,299,145,211,413,283,155,290,314,553,133,116,312,175,244,449,203,Bacteria,Actinobacteria,Actinobacteria,Micrococcales,Micrococcaceae,Pseudarthrobacter,unidentified
otu92515,28,30,7,10,18,38,76,11,71,78,38,19,12,75,46,26,16,42,37,16,148,182,139,186,89,190,216,143,207,173,217,239,111,446,233,170,78,123,71,159,Bacteria,Proteobacteria,Deltaproteobacteria,43F-1404R,unidentified,unidentified,unidentified
otu3364,56,38,31,25,11,25,54,25,38,61,52,51,51,59,54,92,59,49,40,47,164,174,168,171,184,158,124,132,147,260,85,73,69,121,159,133,190,113,103,115,Bacteria,Proteobacteria,Betaproteobacteria,Burkholderiales,Alcaligenaceae,uncultured,unidentified
otu8256,15,10,3,14,29,36,9,10,5,11,73,81,63,114,106,76,106,86,64,66,194,63,85,90,151,209,116,149,188,158,136,153,123,117,96,103,103,160,177,138,Bacteria,Chloroflexi,Anaerolineae,Anaerolineales,Anaerolineaceae,uncultured,uncultured Chloroflexi bacterium
otu2537,71,99,126,141,348,211,116,208,154,159,82,85,86,69,66,77,70,86,68,76,84,75,47,51,68,48,68,66,76,41,31,41,39,69,48,56,44,41,62,76,Bacteria,Chloroflexi,KD4-96,uncultured bacterium,uncultured bacterium,uncultured bacterium,uncultured bacterium
otu20787,96,87,186,194,271,219,129,322,159,166,54,77,79,75,52,47,69,61,76,81,54,72,52,58,57,64,44,40,58,48,38,67,31,62,34,36,16,27,37,44,Bacteria,Gemmatimonadetes,Gemmatimonadetes,Gemmatimonadales,Gemmatimonadaceae,uncultured,unidentified
otu25762,28,41,40,34,38,34,22,37,41,27,50,134,154,96,74,83,98,105,83,118,103,81,120,82,91,67,81,127,121,70,100,70,147,37,42,117,65,78,74,55,Bacteria,Actinobacteria,Actinobacteria,Micrococcales,Microbacteriaceae,Leucobacter,uncultured bacterium
otu110157,17,42,46,28,107,56,30,53,29,45,97,130,121,84,64,47,103,85,90,107,84,62,55,57,52,46,50,83,77,55,105,117,147,74,70,101,59,83,144,108,Bacteria,Actinobacteria,Actinobacteria,Micrococcales,Intrasporangiaceae,uncultured,Terrabacter sp. 8-140
otu69865,6,5,1,1,6,7,3,6,5,2,15,21,20,24,23,23,28,31,24,13,40,47,43,41,56,68,43,59,85,60,146,248,212,189,158,154,163,258,229,216,Bacteria,Chloroflexi,Anaerolineae,Anaerolineales,Anaerolineaceae,uncultured,uncultured bacterium
otu270,16,34,18,35,63,45,16,40,36,16,57,59,60,85,81,119,89,89,74,54,44,66,59,54,76,84,52,58,98,81,74,89,89,64,68,92,62,85,84,75,Bacteria,Chloroflexi,Anaerolineae,Anaerolineales,Anaerolineaceae,uncultured,uncultured Chloroflexi bacterium
otu26815,14,8,10,10,3,7,14,8,15,18,28,25,28,40,25,29,22,25,20,19,101,85,104,108,130,103,113,79,104,201,61,58,73,77,152,117,214,112,94,82,Bacteria,Proteobacteria,Gammaproteobacteria,Xanthomonadales,Xanthomonadales Incertae Sedis,uncultured,uncultured gamma proteobacterium
otu34242,42,66,51,87,80,78,84,89,108,86,78,86,59,65,85,48,85,93,79,64,83,69,60,55,66,79,42,53,53,66,40,36,29,50,46,62,38,41,40,44,Bacteria,Actinobacteria,Acidimicrobiia,Acidimicrobiales,Acidimicrobiaceae,uncultured,uncultured bacterium
otu66868,44,63,92,66,6,7,42,10,21,38,98,44,45,25,46,51,45,22,27,25,80,41,41,66,60,33,37,39,29,54,116,135,128,139,119,88,109,147,101,201,Bacteria,Proteobacteria,Alphaproteobacteria,Sphingomonadales,Sphingomonadaceae,Sphingomonas,unidentified
otu107225,10,6,9,5,2,3,9,1,0,7,40,22,22,21,22,22,21,36,29,23,58,71,54,100,49,70,67,57,120,108,99,121,70,118,102,59,75,162,114,126,Bacteria,Proteobacteria,Betaproteobacteria,Hydrogenophilales,Hydrogenophilaceae,Thiobacillus,uncultured bacterium
otu67255,56,50,50,57,45,63,49,73,50,62,53,48,39,45,55,51,69,38,44,49,47,38,50,50,53,43,23,32,35,55,45,31,42,48,78,96,100,68,58,95,Bacteria,Actinobacteria,Acidimicrobiia,Acidimicrobiales,Acidimicrobiaceae,Ilumatobacter,uncultured bacterium
otu9765,0,0,0,0,0,0,0,0,0,0,0,0,0,1,0,0,1,0,1,0,4,4,0,2,1,2,3,0,4,0,0,2,0,3,2,3,2,0,2,3,Bacteria,Proteobacteria,Deltaproteobacteria,Syntrophobacterales,Syntrophaceae,Desulfomonile,uncultured Syntrophaceae bacterium
otu20273,3,4,0,3,4,3,2,4,1,2,0,1,0,0,2,0,0,0,1,1,0,0,0,2,0,0,0,1,0,0,0,0,0,1,0,0,0,0,0,0,Bacteria,Planctomycetes,Pla4 lineage,uncultured bacterium,uncultured bacterium,uncultured bacterium,uncultured bacterium
otu23522,0,0,0,0,0,0,2,2,0,0,0,1,1,1,2,0,1,0,1,4,4,0,1,3,2,0,2,0,2,0,3,0,0,1,0,1,0,0,0,0,Bacteria,Gemmatimonadetes,S0134 terrestrial group,uncultured Gemmatimonadetes bacterium,uncultured Gemmatimonadetes bacterium,uncultured Gemmatimonadetes bacterium,uncultured Gemmatimonadetes bacterium
otu34477,0,3,1,2,0,1,0,0,0,0,0,0,0,1,0,2,3,0,1,1,1,0,0,2,0,2,0,1,1,1,0,0,2,2,1,0,0,2,1,3,Bacteria,Proteobacteria,Alphaproteobacteria,Caulobacterales,Caulobacteraceae,unidentified,unidentified
otu47384,0,2,3,0,0,2,3,0,1,3,0,1,3,2,0,2,2,0,0,1,2,2,2,1,1,1,0,0,0,1,0,0,0,1,0,0,0,0,0,0,Bacteria,Acidobacteria,Blastocatellia,Blastocatellales,Blastocatellaceae (Subgroup 4),RB41,uncultured bacterium
otu59147,0,0,0,0,0,0,0,0,0,0,0,0,0,0,0,0,0,0,0,0,0,0,0,3,0,1,2,3,1,2,0,0,1,1,2,3,7,4,6,8,Bacteria,Chloroflexi,KD4-96,uncultured bacterium,uncultured bacterium,uncultured bacterium,uncultured bacterium
otu65814,0,0,0,0,0,0,0,0,0,0,0,0,0,0,0,0,0,0,0,0,0,0,2,0,0,4,0,3,1,2,0,0,3,3,6,4,9,4,2,2,Bacteria,Ignavibacteriae,Ignavibacteria,Ignavibacteriales,BSV26,uncultured bacterium,uncultured bacterium
otu66720,0,0,2,2,0,0,0,0,0,0,0,3,1,0,1,0,3,1,2,3,0,0,0,0,0,1,1,1,0,0,2,2,1,0,2,2,2,0,3,0,Bacteria,Acidobacteria,Solibacteres,Solibacterales,Solibacteraceae (Subgroup 3),Bryobacter,unidentified
otu67055,0,3,1,0,0,0,2,0,0,0,4,1,1,2,0,1,0,0,2,2,1,2,1,2,2,0,0,2,0,0,2,1,2,0,0,0,3,0,2,0,Bacteria,Cyanobacteria,Chloroplast,Chlorella sp. CC-Bw-9,Chlorella sp. CC-Bw-9,Chlorella sp. CC-Bw-9,Chlorella sp. CC-Bw-9
otu67614,2,0,0,2,3,1,1,2,0,0,0,0,0,0,2,0,0,0,1,0,0,0,0,0,0,0,0,0,0,0,4,3,5,1,1,2,0,1,7,3,Bacteria,Gemmatimonadetes,Gemmatimonadetes,Gemmatimonadales,Gemmatimonadaceae,uncultured,uncultured soil bacterium
otu82837,0,2,4,2,4,3,0,6,1,2,0,2,2,0,0,1,3,3,0,3,0,0,0,0,1,0,0,0,0,0,0,0,0,0,0,0,0,0,0,0,Bacteria,Gemmatimonadetes,Gemmatimonadetes,Gemmatimonadales,Gemmatimonadaceae,uncultured,uncultured bacterium
otu87445,0,0,0,0,0,0,0,0,0,0,2,3,2,0,2,3,2,3,0,3,0,0,0,0,1,1,1,1,2,4,0,1,1,1,0,2,0,0,0,0,Bacteria,Proteobacteria,Gammaproteobacteria,Xanthomonadales,Xanthomonadaceae,Thermomonas,uncultured Thermomonas sp.
otu91437,0,0,2,2,0,0,0,0,0,0,2,0,2,0,2,2,3,3,2,1,2,0,0,2,2,1,1,0,0,1,1,2,2,0,0,0,0,1,0,1,Bacteria,Acidobacteria,Holophagae,Subgroup 7,uncultured soil bacterium,uncultured soil bacterium,uncultured soil bacterium
otu92345,2,0,3,0,1,2,2,5,1,3,0,2,0,0,0,0,0,2,2,0,0,2,2,0,0,0,1,0,0,0,0,1,0,1,1,0,0,1,0,3,Bacteria,Actinobacteria,Acidimicrobiia,Acidimicrobiales,uncultured,uncultured bacterium,uncultured bacterium
otu93437,0,0,0,0,0,0,0,0,0,0,0,0,0,0,0,2,0,0,0,0,0,2,0,0,4,1,0,3,0,0,1,0,1,2,2,5,6,7,3,3,Bacteria,Chloroflexi,Anaerolineae,Anaerolineales,Anaerolineaceae,uncultured,uncultured bacterium
otu96442,0,3,4,6,0,0,2,0,0,0,2,0,1,1,2,0,0,0,2,0,1,0,3,3,3,1,2,2,0,0,0,0,0,0,0,0,0,0,0,0,Bacteria,Bacteroidetes,SB-5,uncultured Bacteroidetes bacterium,uncultured Bacteroidetes bacterium,uncultured Bacteroidetes bacterium,uncultured Bacteroidetes bacterium
otu99534,3,0,0,3,0,1,0,1,1,3,2,1,3,3,2,0,2,2,0,2,0,2,3,1,0,0,0,0,0,1,1,0,0,0,0,1,0,0,0,0,Bacteria,Proteobacteria,Gammaproteobacteria,Oceanospirillales,Halomonadaceae,Halomonas,unidentified
otu101070,2,3,7,7,3,0,2,3,1,2,4,2,2,0,0,0,1,2,1,1,0,0,1,0,0,0,0,0,0,0,0,0,0,2,0,0,0,0,0,0,Bacteria,Nitrospirae,Nitrospira,Nitrospirales,Nitrospiraceae,Nitrospira,unidentified
otu3020,1,0,4,2,0,0,0,0,0,0,3,2,1,2,0,2,2,1,1,2,2,0,1,0,3,0,1,1,0,0,0,1,1,0,0,2,0,1,0,1,Bacteria,Actinobacteria,Acidimicrobiia,Acidimicrobiales,uncultured,uncultured bacterium,uncultured bacterium
otu5280,0,0,1,0,0,0,0,0,0,0,2,2,0,0,0,1,0,0,2,2,2,0,0,2,2,3,2,0,0,2,0,2,3,4,1,0,2,1,1,0,Bacteria,Proteobacteria,Deltaproteobacteria,Myxococcales,KD3-10,uncultured bacterium,uncultured bacterium
otu7619,2,2,2,1,1,2,1,0,1,0,5,2,2,2,1,2,2,4,0,3,0,1,0,0,0,0,0,0,0,0,0,0,1,2,0,0,0,0,2,1,Bacteria,Proteobacteria,Gammaproteobacteria,Xanthomonadales,Xanthomonadaceae,uncultured,uncultured bacterium
otu19020,2,3,1,0,2,2,0,0,0,0,2,0,2,1,0,0,0,1,0,1,0,0,2,0,0,5,3,3,3,2,0,0,0,0,0,0,2,0,0,0,Bacteria,Gemmatimonadetes,Gemmatimonadetes,Gemmatimonadales,Gemmatimonadaceae,uncultured,uncultured bacterium
otu20812,2,2,0,4,0,0,4,0,3,0,9,2,1,3,0,3,2,3,1,1,0,0,0,0,2,0,0,1,0,0,0,0,0,0,0,0,1,0,0,0,Bacteria,Bacteroidetes,Sphingobacteriia,Sphingobacteriales,Saprospiraceae,Lewinella,uncultured Bacteroidetes bacterium
otu28580,0,1,0,0,0,0,0,0,0,1,4,1,0,2,0,1,1,0,0,2,2,0,2,2,0,3,1,3,2,0,0,0,0,0,3,1,1,4,2,0,Bacteria,Acidobacteria,Subgroup 17,uncultured soil bacterium,uncultured soil bacterium,uncultured soil bacterium,uncultured soil bacterium
otu29489,2,4,2,3,0,0,4,2,1,2,2,2,1,0,1,3,1,0,0,0,0,0,0,2,0,0,0,1,0,0,0,0,0,0,0,0,2,0,0,0,Bacteria,Bacteroidetes,Cytophagia,Cytophagales,Cytophagaceae,Adhaeribacter,uncultured bacterium
otu32662,0,0,2,0,0,0,1,0,1,0,0,0,3,0,0,0,0,0,2,0,0,0,2,3,1,2,1,0,0,1,2,1,3,1,0,3,1,2,1,1,Bacteria,Bacteroidetes,Bacteroidia,Bacteroidales,Porphyromonadaceae,uncultured,unidentified
